x,phi0,phi0_asymptotic
0,0.5789417679,0.7103933783
0.015,0.6056633448,0.7253933783
0.03,0.6301121291,0.7403933783
0.045,0.6529020564,0.7553933783
0.06,0.6744643669,0.7703933783
0.075,0.6951035472,0.7853933783
0.09,0.7150359849,0.8003933783
0.105,0.7344166934,0.8153933783
0.12,0.7533578058,0.8303933783
0.135,0.7719413843,0.8453933783
0.15,0.7902283056,0.8603933783
0.165,0.8082644341,0.8753933783
0.18,0.82608492,0.8903933783
0.195,0.8437172008,0.9053933783
0.21,0.8611831036,0.9203933783
0.225,0.8785003246,0.9353933783
0.24,0.895683476,0.9503933783
0.255,0.9127448314,0.9653933783
0.27,0.9296948607,0.9803933783
0.285,0.946542618,0.9953933783
0.3,0.9632960263,1.010393378
0.315,0.9799620884,1.025393378
0.33,0.9965470459,1.040393378
0.345,1.013056501,1.055393378
0.36,1.029495513,1.070393378
0.375,1.04586867,1.085393378
0.39,1.062180152,1.100393378
0.405,1.07843378,1.115393378
0.42,1.094633058,1.130393378
0.435,1.110781206,1.145393378
0.45,1.126881188,1.160393378
0.465,1.142935745,1.175393378
0.48,1.158947407,1.190393378
0.495,1.174918521,1.205393378
0.51,1.190851264,1.220393378
0.525,1.206747658,1.235393378
0.54,1.222609587,1.250393378
0.555,1.238438803,1.265393378
0.57,1.254236944,1.280393378
0.585,1.270005539,1.295393378
0.6,1.285746019,1.310393378
0.615,1.301459725,1.325393378
0.63,1.317147911,1.340393378
0.645,1.332811758,1.355393378
0.66,1.348452374,1.370393378
0.675,1.364070801,1.385393378
0.69,1.379668022,1.400393378
0.705,1.395244961,1.415393378
0.72,1.410802492,1.430393378
0.735,1.42634144,1.445393378
0.75,1.441862584,1.460393378
0.765,1.457366662,1.475393378
0.78,1.472854372,1.490393378
0.795,1.488326377,1.505393378
0.81,1.503783303,1.520393378
0.825,1.519225748,1.535393378
0.84,1.534654277,1.550393378
0.855,1.550069428,1.565393378
0.87,1.565471713,1.580393378
0.885,1.580861619,1.595393378
0.9,1.596239611,1.610393378
0.915,1.611606131,1.625393378
0.93,1.626961601,1.640393378
0.945,1.642306423,1.655393378
0.96,1.657640982,1.670393378
0.975,1.672965645,1.685393378
0.99,1.688280764,1.700393378
1.005,1.703586674,1.715393378
1.02,1.718883695,1.730393378
1.035,1.734172137,1.745393378
1.05,1.749452293,1.760393378
1.065,1.764724445,1.775393378
1.08,1.779988864,1.790393378
1.095,1.79524581,1.805393378
1.11,1.81049553,1.820393378
1.125,1.825738265,1.835393378
1.14,1.840974243,1.850393378
1.155,1.856203685,1.865393378
1.17,1.871426802,1.880393378
1.185,1.886643798,1.895393378
1.2,1.901854869,1.910393378
1.215,1.917060202,1.925393378
1.23,1.932259979,1.940393378
1.245,1.947454373,1.955393378
1.26,1.962643554,1.970393378
1.275,1.977827681,1.985393378
1.29,1.993006912,2.000393378
1.305,2.008181395,2.015393378
1.32,2.023351275,2.030393378
1.335,2.038516693,2.045393378
1.35,2.053677781,2.060393378
1.365,2.06883467,2.075393378
1.38,2.083987486,2.090393378
1.395,2.099136348,2.105393378
1.41,2.114281373,2.120393378
1.425,2.129422674,2.135393378
1.44,2.14456036,2.150393378
1.455,2.159694536,2.165393378
1.47,2.174825302,2.180393378
1.485,2.189952758,2.195393378
1.5,2.205076997,2.210393378
1.515,2.220198113,2.225393378
1.53,2.235316192,2.240393378
1.545,2.250431322,2.255393378
1.56,2.265543585,2.270393378
1.575,2.280653061,2.285393378
1.59,2.295759827,2.300393378
1.605,2.310863961,2.315393378
1.62,2.325965533,2.330393378
1.635,2.341064614,2.345393378
1.65,2.356161274,2.360393378
1.665,2.371255577,2.375393378
1.68,2.386347588,2.390393378
1.695,2.40143737,2.405393378
1.71,2.416524982,2.420393378
1.725,2.431610482,2.435393378
1.74,2.446693928,2.450393378
1.755,2.461775373,2.465393378
1.77,2.476854872,2.480393378
1.785,2.491932476,2.495393378
1.8,2.507008234,2.510393378
1.815,2.522082196,2.525393378
1.83,2.537154408,2.540393378
1.845,2.552224916,2.555393378
1.86,2.567293765,2.570393378
1.875,2.582360998,2.585393378
1.89,2.597426656,2.600393378
1.905,2.612490779,2.615393378
1.92,2.627553409,2.630393378
1.935,2.642614581,2.645393378
1.95,2.657674335,2.660393378
1.965,2.672732706,2.675393378
1.98,2.687789728,2.690393378
1.995,2.702845437,2.705393378
2.01,2.717899865,2.720393378
2.025,2.732953045,2.735393378
2.04,2.748005007,2.750393378
2.055,2.763055783,2.765393378
2.07,2.778105401,2.780393378
2.085,2.793153891,2.795393378
2.1,2.80820128,2.810393378
2.115,2.823247597,2.825393378
2.13,2.838292866,2.840393378
2.145,2.853337114,2.855393378
2.16,2.868380366,2.870393378
2.175,2.883422647,2.885393378
2.19,2.898463979,2.900393378
2.205,2.913504387,2.915393378
2.22,2.928543892,2.930393378
2.235,2.943582516,2.945393378
2.25,2.958620281,2.960393378
2.265,2.973657207,2.975393378
2.28,2.988693314,2.990393378
2.295,3.003728623,3.005393378
2.31,3.018763152,3.020393378
2.325,3.033796919,3.035393378
2.34,3.048829943,3.050393378
2.355,3.063862242,3.065393378
2.37,3.078893832,3.080393378
2.385,3.093924731,3.095393378
2.4,3.108954954,3.110393378
2.415,3.123984518,3.125393378
2.43,3.139013438,3.140393378
2.445,3.154041729,3.155393378
2.46,3.169069406,3.170393378
2.475,3.184096483,3.185393378
2.49,3.199122974,3.200393378
2.505,3.214148892,3.215393378
2.52,3.229174252,3.230393378
2.535,3.244199065,3.245393378
2.55,3.259223345,3.260393378
2.565,3.274247103,3.275393378
2.58,3.289270353,3.290393378
2.595,3.304293104,3.305393378
2.61,3.319315369,3.320393378
2.625,3.334337159,3.335393378
2.64,3.349358485,3.350393378
2.655,3.364379357,3.365393378
2.67,3.379399786,3.380393378
2.685,3.394419781,3.395393378
2.7,3.409439352,3.410393378
2.715,3.42445851,3.425393378
2.73,3.439477263,3.440393378
2.745,3.45449562,3.455393378
2.76,3.46951359,3.470393378
2.775,3.484531182,3.485393378
2.79,3.499548405,3.500393378
2.805,3.514565266,3.515393378
2.82,3.529581774,3.530393378
2.835,3.544597937,3.545393378
2.85,3.559613762,3.560393378
2.865,3.574629256,3.575393378
2.88,3.589644428,3.590393378
2.895,3.604659284,3.605393378
2.91,3.619673831,3.620393378
2.925,3.634688076,3.635393378
2.94,3.649702025,3.650393378
2.955,3.664715686,3.665393378
2.97,3.679729063,3.680393378
2.985,3.694742165,3.695393378
3,3.709754996,3.710393378
3.015,3.724767563,3.725393378
3.03,3.739779871,3.740393378
3.045,3.754791926,3.755393378
3.06,3.769803733,3.770393378
3.075,3.784815298,3.785393378
3.09,3.799826626,3.800393378
3.105,3.814837722,3.815393378
3.12,3.829848592,3.830393378
3.135,3.844859239,3.845393378
3.15,3.85986967,3.860393378
3.165,3.874879887,3.875393378
3.18,3.889889897,3.890393378
3.195,3.904899703,3.905393378
3.21,3.919909311,3.920393378
3.225,3.934918723,3.935393378
3.24,3.949927945,3.950393378
3.255,3.964936979,3.965393378
3.27,3.979945832,3.980393378
3.285,3.994954505,3.995393378
3.3,4.009963004,4.010393378
3.315,4.024971331,4.025393378
3.33,4.03997949,4.040393378
3.345,4.054987486,4.055393378
3.36,4.06999532,4.070393378
3.375,4.085002998,4.085393378
3.39,4.100010521,4.100393378
3.405,4.115017894,4.115393378
3.42,4.130025119,4.130393378
3.435,4.1450322,4.145393378
3.45,4.160039139,4.160393378
3.465,4.17504594,4.175393378
3.48,4.190052605,4.190393378
3.495,4.205059137,4.205393378
3.51,4.22006554,4.220393378
3.525,4.235071815,4.235393378
3.54,4.250077966,4.250393378
3.555,4.265083994,4.265393378
3.57,4.280089903,4.280393378
3.585,4.295095695,4.295393378
3.6,4.310101372,4.310393378
3.615,4.325106937,4.325393378
3.63,4.340112393,4.340393378
3.645,4.35511774,4.355393378
3.66,4.370122982,4.370393378
3.675,4.385128121,4.385393378
3.69,4.400133159,4.400393378
3.705,4.415138097,4.415393378
3.72,4.430142939,4.430393378
3.735,4.445147685,4.445393378
3.75,4.460152339,4.460393378
3.765,4.475156901,4.475393378
3.78,4.490161374,4.490393378
3.795,4.505165759,4.505393378
3.81,4.520170059,4.520393378
3.825,4.535174275,4.535393378
3.84,4.550178408,4.550393378
3.855,4.565182461,4.565393378
3.87,4.580186435,4.580393378
3.885,4.595190331,4.595393378
3.9,4.610194152,4.610393378
3.915,4.625197898,4.625393378
3.93,4.640201572,4.640393378
3.945,4.655205174,4.655393378
3.96,4.670208707,4.670393378
3.975,4.685212171,4.685393378
3.99,4.700215568,4.700393378
4.005,4.715218899,4.715393378
4.02,4.730222166,4.730393378
4.035,4.74522537,4.745393378
4.05,4.760228512,4.760393378
4.065,4.775231593,4.775393378
4.08,4.790234615,4.790393378
4.095,4.805237579,4.805393378
4.11,4.820240486,4.820393378
4.125,4.835243336,4.835393378
4.14,4.850246132,4.850393378
4.155,4.865248875,4.865393378
4.17,4.880251564,4.880393378
4.185,4.895254203,4.895393378
4.2,4.91025679,4.910393378
4.215,4.925259328,4.925393378
4.23,4.940261818,4.940393378
4.245,4.955264259,4.955393378
4.26,4.970266655,4.970393378
4.275,4.985269004,4.985393378
4.29,5.000271309,5.000393378
4.305,5.015273569,5.015393378
4.32,5.030275787,5.030393378
4.335,5.045277962,5.045393378
4.35,5.060280096,5.060393378
4.365,5.07528219,5.075393378
4.38,5.090284243,5.090393378
4.395,5.105286258,5.105393378
4.41,5.120288234,5.120393378
4.425,5.135290173,5.135393378
4.44,5.150292076,5.150393378
4.455,5.165293942,5.165393378
4.47,5.180295772,5.180393378
4.485,5.195297569,5.195393378
4.5,5.210299331,5.210393378
4.515,5.22530106,5.225393378
4.53,5.240302756,5.240393378
4.545,5.25530442,5.255393378
4.56,5.270306053,5.270393378
4.575,5.285307655,5.285393378
4.59,5.300309227,5.300393378
4.605,5.315310769,5.315393378
4.62,5.330312283,5.330393378
4.635,5.345313768,5.345393378
4.65,5.360315225,5.360393378
4.665,5.375316654,5.375393378
4.68,5.390318057,5.390393378
4.695,5.405319433,5.405393378
4.71,5.420320784,5.420393378
4.725,5.435322109,5.435393378
4.74,5.45032341,5.450393378
4.755,5.465324686,5.465393378
4.77,5.480325939,5.480393378
4.785,5.495327168,5.495393378
4.8,5.510328374,5.510393378
4.815,5.525329557,5.525393378
4.83,5.540330718,5.540393378
4.845,5.555331858,5.555393378
4.86,5.570332977,5.570393378
4.875,5.585334074,5.585393378
4.89,5.600335151,5.600393378
4.905,5.615336209,5.615393378
4.92,5.630337246,5.630393378
4.935,5.645338264,5.645393378
4.95,5.660339264,5.660393378
4.965,5.675340245,5.675393378
4.98,5.690341207,5.690393378
4.995,5.705342152,5.705393378
5.01,5.720343079,5.720393378
5.025,5.735343989,5.735393378
5.04,5.750344882,5.750393378
5.055,5.765345759,5.765393378
5.07,5.780346619,5.780393378
5.085,5.795347464,5.795393378
5.1,5.810348293,5.810393378
5.115,5.825349106,5.825393378
5.13,5.840349905,5.840393378
5.145,5.855350689,5.855393378
5.16,5.870351458,5.870393378
5.175,5.885352214,5.885393378
5.19,5.900352955,5.900393378
5.205,5.915353683,5.915393378
5.22,5.930354397,5.930393378
5.235,5.945355098,5.945393378
5.25,5.960355786,5.960393378
5.265,5.975356462,5.975393378
5.28,5.990357125,5.990393378
5.295,6.005357776,6.005393378
5.31,6.020358415,6.020393378
5.325,6.035359042,6.035393378
5.34,6.050359658,6.050393378
5.355,6.065360263,6.065393378
5.37,6.080360856,6.080393378
5.385,6.095361439,6.095393378
5.4,6.110362011,6.110393378
5.415,6.125362573,6.125393378
5.43,6.140363124,6.140393378
5.445,6.155363665,6.155393378
5.46,6.170364196,6.170393378
5.475,6.185364718,6.185393378
5.49,6.20036523,6.200393378
5.505,6.215365733,6.215393378
5.52,6.230366226,6.230393378
5.535,6.245366711,6.245393378
5.55,6.260367187,6.260393378
5.565,6.275367654,6.275393378
5.58,6.290368112,6.290393378
5.595,6.305368563,6.305393378
5.61,6.320369005,6.320393378
5.625,6.335369439,6.335393378
5.64,6.350369865,6.350393378
5.655,6.365370283,6.365393378
5.67,6.380370694,6.380393378
5.685,6.395371098,6.395393378
5.7,6.410371494,6.410393378
5.715,6.425371883,6.425393378
5.73,6.440372264,6.440393378
5.745,6.455372639,6.455393378
5.76,6.470373007,6.470393378
5.775,6.485373369,6.485393378
5.79,6.500373724,6.500393378
5.805,6.515374072,6.515393378
5.82,6.530374415,6.530393378
5.835,6.545374751,6.545393378
5.85,6.560375081,6.560393378
5.865,6.575375405,6.575393378
5.88,6.590375723,6.590393378
5.895,6.605376035,6.605393378
5.91,6.620376342,6.620393378
5.925,6.635376643,6.635393378
5.94,6.650376939,6.650393378
5.955,6.66537723,6.665393378
5.97,6.680377515,6.680393378
5.985,6.695377795,6.695393378
6,6.71037807,6.710393378
